User_ID,Age,Gender,Total_App_Usage_Hours,Daily_Screen_Time_Hours,Number_of_Apps_Used,Social_Media_Usage_Hours,Gaming_App_Usage_Hours,Sleep_Hours,Digital_Wellbeing_Score,Awareness_Level
1,56,Male,7.35,7.33,24,4.45,2.25,8.2,50.37,Medium
2,46,Male,6.43,13.27,18,4.14,2.04,6.4,27.41,Low
3,32,Female,7.28,8.18,11,4.08,2.34,8.37,55.93,Medium
4,25,Female,8.06,8.16,21,3.14,4.27,9.21,52.55,Medium
5,38,Male,8.01,12.38,14,3.48,4.28,6.46,24.31,Low
6,56,Female,5.29,5.39,21,2.56,2.08,8.13,79.53,High
7,36,Male,7.39,7.49,24,3.23,3.51,9.5,72.63,High
8,40,Male,9.38,10.28,11,2.03,2.37,8.26,49.65,Medium
9,28,Male,11.57,12.53,9,3.11,2.49,6.24,28.31,Low
10,28,Male,3.28,4.53,16,2.58,0.05,8.25,71.18,High
11,41,Female,6.22,7.02,21,3.57,2.18,7.08,53.84,Medium
12,53,Female,10.1,11.0,21,4.36,1.59,7.14,54.0,Medium
13,57,Female,5.04,7.49,4,0.36,4.43,7.57,49.59,Medium
14,41,Male,10.23,11.13,11,4.42,1.56,6.0,39.33,Low
15,20,Male,7.34,7.0,15,2.59,4.1,6.07,48.84,Medium
16,39,Male,6.31,6.53,17,4.05,2.01,7.07,52.06,Medium
17,19,Female,11.39,12.29,5,2.38,3.46,6.58,44.92,Low
18,41,Male,4.23,8.04,13,1.55,2.43,7.55,53.59,Medium
19,47,Female,8.02,8.52,23,4.45,0.43,7.08,55.71,Medium
20,55,Female,10.21,12.29,16,1.23,1.08,5.53,45.16,Medium
21,19,Female,4.55,5.05,27,4.1,0.2,9.44,80.92,High
22,38,Female,8.01,11.56,10,2.12,3.23,6.59,34.21,Low
23,50,Female,11.23,12.13,20,2.33,2.33,7.28,42.86,Low
24,29,Female,5.1,5.2,21,1.24,3.21,7.09,69.71,Medium
25,39,Male,10.29,11.19,18,2.06,1.02,7.35,60.62,Medium
26,42,Male,7.37,8.27,4,1.51,0.11,8.06,63.0,Medium
27,44,Female,7.01,7.51,10,0.03,2.27,7.11,76.85,High
28,59,Female,7.59,8.09,24,1.58,4.29,8.25,59.54,Medium
29,45,Male,4.2,5.1,8,0.07,3.25,8.24,79.66,High
30,33,Female,11.32,12.22,14,4.19,2.47,8.05,57.26,Medium
31,32,Female,11.11,12.01,17,4.28,2.2,6.37,34.08,Low
32,20,Male,7.57,8.07,27,1.53,0.27,9.37,82.23,High
33,54,Female,9.21,11.5,10,3.52,4.55,7.16,24.42,Low
34,24,Female,7.43,8.33,6,1.5,3.25,6.55,49.97,Medium
35,38,Female,6.24,12.37,17,3.44,1.32,7.3,35.38,Low
36,26,Male,8.48,8.59,22,4.45,2.2,6.23,44.86,Low
37,56,Male,7.26,8.16,27,4.09,0.34,8.47,81.44,High
38,35,Male,7.58,9.37,19,2.42,4.51,5.53,41.67,Low
39,21,Female,9.41,10.31,15,3.33,0.33,7.21,77.78,High
40,42,Female,6.27,6.33,20,1.56,3.4,8.11,60.43,Medium
41,31,Male,6.0,13.17,4,4.25,1.5,7.12,21.68,Low
42,26,Female,4.11,5.01,15,0.4,3.46,8.14,73.62,High
43,43,Female,7.3,7.4,15,3.48,3.17,7.49,51.19,Medium
44,19,Female,8.46,10.26,24,3.57,3.57,7.12,39.17,Low
45,37,Female,7.5,12.5,17,3.02,3.1,5.44,31.07,Low
46,45,Female,8.43,9.33,22,0.55,4.56,6.52,51.07,Medium
47,24,Male,6.54,7.04,29,4.05,0.22,7.45,71.37,High
48,25,Female,7.51,9.56,12,0.04,1.47,8.31,56.83,Medium
49,52,Male,4.56,5.06,5,3.04,1.21,8.12,60.44,Medium
50,31,Female,6.02,10.32,21,1.53,4.16,5.54,44.07,Low
51,34,Male,9.36,13.23,5,1.46,1.04,7.17,35.12,Low
52,53,Female,10.5,11.0,24,2.22,3.43,7.07,45.7,Medium
53,57,Male,6.23,12.59,16,2.48,3.1,6.07,32.48,Low
54,21,Female,2.02,2.12,10,0.08,1.29,9.2,86.49,High
55,19,Male,2.08,10.54,29,0.34,1.14,8.14,61.92,Medium
56,23,Female,4.1,11.41,25,2.19,1.26,7.53,48.51,Medium
57,59,Male,8.17,9.07,6,3.57,2.34,8.0,65.71,Medium
58,21,Female,6.05,12.16,29,4.48,1.32,6.43,38.08,Low
59,46,Male,6.24,7.14,22,0.58,0.19,8.16,84.06,High
60,35,Male,6.59,9.28,13,1.41,4.15,8.29,44.22,Low
61,43,Female,5.32,11.03,28,0.34,4.33,6.46,49.58,Medium
62,51,Female,5.49,9.09,13,0.49,1.01,7.39,58.64,Medium
63,27,Male,5.16,5.26,29,3.17,1.34,7.23,78.72,High
64,53,Female,5.08,8.16,13,3.16,0.39,6.32,52.81,Medium
65,31,Male,4.03,8.09,4,0.23,3.55,8.34,50.7,Medium
66,48,Male,10.52,12.16,19,1.02,4.27,8.16,38.07,Low
67,32,Male,2.01,6.59,11,0.31,0.46,7.45,69.24,Medium
68,25,Female,11.19,12.09,4,4.34,0.38,8.52,54.07,Medium
69,31,Male,8.07,10.23,26,4.37,3.05,7.25,38.61,Low
70,40,Male,10.46,11.36,17,0.12,3.08,7.08,66.96,Medium
71,57,Female,7.59,9.33,18,1.55,0.19,7.39,58.51,Medium
72,38,Female,9.06,9.56,27,4.46,3.59,8.37,41.38,Low
73,33,Female,9.43,12.52,6,4.24,1.0,6.59,26.72,Low
74,35,Female,6.07,8.01,10,2.08,1.07,8.55,54.18,Medium
75,41,Male,6.46,7.12,11,0.03,3.54,5.34,58.79,Medium
76,43,Male,6.34,7.24,28,0.13,4.22,9.19,82.36,High
77,42,Male,7.13,8.03,28,2.36,2.02,8.21,79.94,High
78,58,Male,6.01,6.11,7,1.33,4.03,8.14,63.09,Medium
79,46,Female,5.35,6.25,18,0.1,2.57,8.11,79.95,High
80,32,Male,7.49,9.5,15,2.4,3.24,5.48,43.18,Low
81,18,Male,7.39,10.46,9,0.55,2.46,7.16,46.72,Medium
82,42,Female,9.03,9.53,28,3.02,4.37,8.05,50.95,Medium
83,24,Male,8.01,11.22,22,1.58,4.14,8.0,41.15,Low
84,26,Male,11.05,13.54,19,0.27,0.2,6.05,48.94,Medium
85,41,Male,7.27,11.15,5,2.28,4.34,6.18,28.94,Low
86,18,Male,6.29,10.3,7,1.08,4.56,6.55,37.44,Low
87,25,Male,8.19,8.29,21,4.02,3.52,8.17,47.45,Medium
88,41,Male,6.53,6.53,14,2.24,1.52,8.18,59.61,Medium
89,28,Female,10.28,11.18,29,1.33,4.45,8.15,78.13,High
90,34,Female,8.27,8.37,9,3.11,4.51,8.0,45.64,Medium
91,25,Male,9.25,12.03,11,1.41,1.13,7.17,42.58,Low
92,52,Male,9.08,11.39,8,4.08,4.35,7.57,22.06,Low
93,52,Female,7.33,8.23,28,1.14,0.11,7.48,88.81,High
94,50,Male,7.09,7.55,19,2.39,0.16,7.11,62.14,Medium
95,22,Male,5.35,11.24,18,0.24,2.38,6.5,50.12,Medium
96,59,Male,6.13,7.03,25,2.04,2.08,7.18,84.65,High
97,56,Female,8.09,8.19,5,4.1,3.34,8.19,42.2,Low
98,58,Male,5.42,12.02,23,4.58,0.59,7.31,37.32,Low
99,45,Female,6.1,6.26,28,1.33,4.12,7.57,63.58,Medium
100,24,Male,2.07,2.28,6,1.23,0.14,8.37,79.57,High
101,26,Female,5.13,8.31,12,4.59,0.17,6.12,46.44,Medium
102,25,Female,7.22,12.49,7,4.14,0.5,6.29,29.35,Low
103,29,Male,7.59,8.57,23,0.37,2.32,7.34,62.17,Medium
104,51,Female,8.56,9.06,24,2.07,4.05,7.33,68.72,Medium
105,50,Male,5.41,6.18,12,1.58,3.58,7.44,56.14,Medium
106,40,Female,8.55,9.05,14,4.04,4.26,8.29,44.67,Low
107,41,Male,4.15,8.04,12,0.47,0.22,9.2,64.53,Medium
108,54,Male,5.44,10.17,15,1.25,2.58,7.11,47.61,Medium
109,52,Female,10.17,11.07,13,3.17,2.26,8.37,68.48,Medium
110,57,Male,3.03,12.41,24,0.05,2.33,6.58,49.92,Medium
111,39,Male,7.52,8.02,18,2.36,0.55,7.18,83.75,High
112,44,Female,7.23,8.13,10,2.59,3.45,8.1,54.86,Medium
113,52,Male,5.25,6.15,10,1.47,2.37,8.39,78.16,High
114,18,Male,4.5,6.0,29,1.12,3.13,9.5,69.04,Medium
115,52,Female,5.27,7.04,27,2.27,2.35,7.29,61.82,Medium
116,54,Female,10.59,11.09,10,0.04,0.52,8.03,66.69,Medium
117,31,Male,5.59,6.09,15,2.12,3.07,8.01,68.31,Medium
118,20,Male,5.15,9.25,29,4.16,0.34,6.18,53.16,Medium
119,18,Female,8.32,8.42,4,3.49,4.18,9.2,59.4,Medium
120,22,Female,8.28,10.33,14,0.39,3.29,7.55,47.87,Medium
121,43,Male,2.14,13.48,12,0.44,0.13,7.11,45.0,Medium
122,31,Female,6.14,7.04,14,1.31,4.58,7.0,59.03,Medium
123,56,Male,7.0,7.25,13,1.28,2.19,8.53,58.37,Medium
124,44,Male,11.24,12.14,17,2.5,0.48,6.56,67.36,Medium
125,26,Male,7.06,7.56,18,3.57,3.24,9.18,70.05,High
126,32,Male,4.08,6.08,19,0.02,1.39,9.34,73.59,High
127,32,Male,5.23,11.25,28,0.55,4.23,6.02,48.21,Medium
128,43,Female,7.0,8.56,4,1.39,4.13,7.16,42.3,Low
129,59,Female,8.23,8.33,20,3.33,4.25,8.21,64.53,Medium
130,30,Female,6.07,12.56,14,0.39,2.37,6.21,42.59,Low
131,49,Female,9.23,10.13,21,3.26,2.22,6.18,54.31,Medium
132,56,Male,8.1,11.46,28,1.12,3.21,7.24,48.26,Medium
133,49,Male,5.5,8.55,25,4.44,0.47,6.37,52.05,Medium
134,21,Male,10.16,11.06,20,4.32,2.56,8.04,44.32,Low
135,47,Male,7.07,7.57,19,1.05,2.18,7.4,80.21,High
136,54,Female,6.34,7.24,8,1.23,0.45,9.22,75.28,High
137,40,Male,5.33,13.16,27,2.18,2.5,6.3,39.29,Low
138,56,Male,11.32,12.22,17,1.15,4.02,8.15,69.92,Medium
139,32,Female,8.05,13.35,5,3.39,4.41,7.15,16.01,Low
140,46,Female,5.1,7.0,8,4.27,0.18,6.47,50.45,Medium
141,53,Female,4.05,4.15,5,3.32,0.08,8.37,71.25,High
142,30,Female,8.38,9.28,3,4.58,1.27,9.17,59.68,Medium
143,49,Male,6.02,6.52,15,1.58,4.19,7.11,66.21,Medium
144,24,Male,2.4,13.51,23,0.47,0.44,7.02,49.55,Medium
145,39,Female,7.11,7.21,28,3.4,3.06,8.19,58.68,Medium
146,45,Male,2.06,6.46,16,1.12,0.13,8.16,69.97,Medium
147,19,Male,7.08,7.58,15,3.42,3.08,7.08,53.88,Medium
148,59,Male,8.07,8.57,29,1.44,1.58,7.11,86.46,High
149,23,Female,5.11,7.13,6,0.24,3.59,8.25,55.1,Medium
150,45,Male,6.33,7.23,9,4.52,1.54,8.4,63.07,Medium
151,45,Female,8.32,11.27,24,0.41,3.56,7.01,48.73,Medium
152,37,Male,6.19,7.09,12,4.35,1.59,8.39,54.31,Medium
153,47,Male,8.09,8.19,9,4.26,3.18,7.19,48.45,Medium
154,28,Male,11.22,12.12,23,3.37,4.46,8.0,47.79,Medium
155,45,Female,7.23,8.13,17,3.59,0.51,8.23,60.61,Medium
156,42,Male,6.44,13.44,17,2.06,4.13,6.31,28.41,Low
157,56,Female,7.24,8.25,6,4.04,2.55,9.16,38.34,Low
158,50,Female,4.43,5.33,25,1.42,0.37,8.56,88.55,High
159,18,Female,6.39,8.58,25,2.44,2.52,6.26,53.88,Medium
160,44,Male,4.17,5.07,8,3.57,0.35,9.04,69.16,Medium
161,30,Male,6.2,7.1,26,2.56,3.39,7.5,77.12,High
162,58,Male,6.31,13.06,22,2.5,3.16,7.17,33.63,Low
163,20,Male,11.0,11.02,28,1.3,0.29,8.17,58.29,Medium
164,56,Female,9.34,13.46,7,2.22,2.08,6.22,28.87,Low
165,23,Female,9.38,9.48,22,4.41,4.32,8.19,43.39,Low
166,25,Female,6.29,7.45,14,1.09,4.55,8.11,51.54,Medium
167,44,Male,9.13,10.03,3,4.31,2.51,9.04,53.47,Medium
168,26,Female,8.31,8.41,10,3.42,4.24,9.35,51.62,Medium
169,54,Male,7.3,11.59,3,4.52,2.13,6.57,23.84,Low
170,50,Female,11.04,11.54,7,2.29,1.1,7.08,61.05,Medium
171,59,Male,8.15,11.17,24,3.38,4.52,6.11,33.64,Low
172,41,Male,8.54,10.57,8,0.3,2.34,6.26,47.21,Medium
173,32,Female,11.13,12.03,23,4.17,2.4,8.33,65.06,Medium
174,49,Female,5.38,7.34,5,0.35,2.58,8.07,56.52,Medium
175,49,Female,8.39,9.5,17,4.01,4.13,7.3,34.68,Low
176,41,Female,9.07,9.17,7,4.13,4.29,8.54,48.09,Medium
177,58,Male,10.14,11.24,26,1.12,2.4,7.22,50.56,Medium
178,29,Female,10.14,11.04,16,1.28,1.03,8.38,58.85,Medium
179,56,Female,9.25,10.15,20,3.11,2.58,8.18,67.4,Medium
180,19,Female,4.06,8.27,18,1.38,2.03,9.44,57.33,Medium
181,20,Male,9.59,14.09,8,4.01,1.27,7.29,22.13,Low
182,54,Male,11.12,12.02,27,0.31,3.07,7.46,84.85,High
183,34,Female,7.5,11.56,26,0.12,2.01,6.31,54.8,Medium
184,19,Male,11.31,12.21,16,4.45,1.4,8.41,64.13,Medium
185,19,Female,10.38,11.38,29,3.26,0.45,7.01,48.78,Medium
186,45,Male,8.48,10.21,26,4.48,1.21,7.54,44.0,Low
187,40,Male,7.51,8.01,10,1.4,4.4,8.24,60.35,Medium
188,54,Male,5.36,5.43,9,3.16,1.55,8.03,57.08,Medium
189,49,Male,3.18,11.24,10,2.39,0.54,6.14,42.7,Low
190,50,Female,7.29,8.19,15,3.3,2.15,6.21,51.41,Medium
191,18,Female,5.26,10.12,8,3.33,1.28,7.02,39.5,Low
192,36,Female,10.22,11.12,20,2.59,0.48,9.26,80.46,High
193,19,Male,11.38,12.24,4,2.23,1.47,7.24,33.65,Low
194,43,Female,9.44,10.03,10,1.44,2.29,6.0,45.62,Medium
195,49,Female,6.1,12.09,13,3.34,2.11,7.23,32.25,Low
196,23,Female,4.42,5.32,3,1.47,1.34,8.51,74.17,High
197,49,Male,5.4,8.4,24,3.05,2.1,6.53,52.78,Medium
198,21,Male,8.35,8.44,8,1.18,4.45,7.36,44.71,Low
199,28,Male,9.12,10.02,18,3.29,1.49,8.17,62.39,Medium
200,34,Female,11.31,12.21,29,3.06,1.2,7.02,65.3,Medium
201,55,Female,5.06,5.56,22,1.09,1.2,8.58,88.61,High
202,41,Female,10.58,11.08,14,0.4,2.04,7.38,51.28,Medium
203,22,Male,10.5,11.0,13,0.31,3.47,8.13,54.89,Medium
204,51,Male,5.17,5.27,29,3.33,1.19,9.14,83.0,High
205,23,Female,10.27,11.17,12,4.27,3.36,6.38,33.54,Low
206,39,Male,5.01,7.07,5,0.59,0.02,7.09,64.54,Medium
207,28,Male,6.22,6.32,15,3.14,2.43,9.1,72.35,High
208,33,Male,8.44,13.48,29,1.29,3.32,7.29,40.32,Low
209,50,Male,4.56,13.43,5,2.36,1.52,7.3,29.11,Low
210,26,Female,7.52,8.02,17,4.28,2.08,9.5,48.5,Medium
211,23,Male,7.05,7.55,18,1.21,1.08,9.0,82.51,High
212,33,Male,7.27,10.4,15,2.03,3.03,8.25,42.09,Low
213,46,Male,5.27,7.36,19,0.19,0.34,8.16,71.48,High
214,20,Male,7.43,8.33,5,0.31,4.16,8.41,63.78,Medium
215,37,Female,7.43,7.51,22,1.35,0.33,7.12,67.68,Medium
216,53,Female,7.19,7.25,13,0.49,4.23,8.02,55.27,Medium
217,36,Male,5.29,8.33,29,3.03,1.31,7.03,58.22,Medium
218,43,Male,5.51,6.58,23,2.26,3.0,7.32,59.41,Medium
219,20,Male,7.57,8.55,21,2.16,1.07,7.23,57.62,Medium
220,36,Male,5.2,12.58,24,0.11,4.44,7.08,42.42,Low
221,37,Male,8.27,9.17,13,1.21,0.22,9.5,71.48,High
222,49,Male,9.24,10.05,18,3.16,0.46,5.5,48.28,Medium
223,24,Female,7.13,12.36,23,4.09,2.39,7.2,32.47,Low
224,58,Male,6.32,6.56,5,0.53,0.11,6.23,66.38,Medium
225,50,Female,11.0,11.5,24,4.0,0.53,7.17,61.36,Medium
226,57,Female,10.56,11.06,8,2.21,4.11,8.09,41.17,Low
227,56,Male,11.26,12.16,16,2.25,4.45,7.32,45.26,Medium
228,35,Female,9.56,11.2,26,2.55,1.46,6.36,47.67,Medium
229,57,Female,5.37,7.05,20,0.58,4.14,7.27,59.57,Medium
230,18,Female,3.22,13.05,19,0.17,2.4,7.09,44.24,Low
231,28,Female,6.4,7.3,6,3.49,1.18,8.08,69.55,Medium
232,45,Female,5.03,5.13,25,1.13,3.25,8.45,83.13,High
233,42,Female,8.22,9.03,17,4.46,3.51,7.18,36.47,Low
234,40,Male,7.21,7.31,13,2.28,4.28,7.34,58.46,Medium
235,48,Female,7.07,7.57,28,0.11,1.21,9.5,85.75,High
236,47,Female,9.26,10.16,5,3.35,3.39,8.21,48.92,Medium
237,59,Female,8.08,8.58,5,1.58,0.2,6.23,69.99,Medium
238,52,Male,6.36,7.26,18,2.34,0.5,8.46,83.92,High
239,24,Female,10.32,13.54,7,3.51,0.37,6.34,28.55,Low
240,33,Male,9.55,10.05,23,4.11,5.19,9.12,57.61,Medium
241,43,Female,10.41,10.54,12,3.06,4.56,6.28,30.88,Low
242,19,Male,7.21,10.02,21,3.28,3.28,7.31,40.6,Low
243,18,Male,11.23,13.5,27,3.1,2.5,7.28,34.19,Low
244,29,Female,8.14,9.04,6,4.32,1.03,9.0,67.42,Medium
245,22,Female,5.58,12.39,21,1.05,0.54,6.08,49.86,Medium
246,54,Male,3.53,7.36,13,0.46,1.06,7.13,64.95,Medium
247,49,Female,6.31,9.35,4,1.14,1.27,7.12,49.43,Medium
248,26,Male,5.23,9.23,12,1.31,3.27,6.59,47.07,Medium
249,58,Male,6.18,11.3,13,3.5,2.03,8.22,34.72,Low
250,52,Male,7.4,8.3,27,3.1,0.21,8.07,72.36,High
251,36,Male,6.51,10.01,22,2.57,0.11,6.39,54.09,Medium
252,33,Male,8.48,9.38,18,0.22,0.44,8.16,71.14,High
253,20,Female,11.48,12.38,21,3.25,2.02,8.51,40.1,Low
254,37,Male,6.57,13.1,25,1.33,4.21,7.36,36.65,Low
255,41,Male,7.51,8.01,26,3.45,3.43,7.23,67.66,Medium
256,50,Female,6.59,13.14,13,2.33,4.01,6.14,26.66,Low
257,41,Male,8.38,9.28,16,1.28,2.23,9.21,78.87,High
258,28,Female,5.01,5.51,4,0.03,1.33,8.1,82.56,High
259,25,Female,11.02,11.52,25,0.16,0.26,9.03,96.55,High
260,53,Female,10.48,11.38,7,4.34,4.54,8.33,42.21,Low
261,55,Male,8.17,9.55,29,4.12,3.4,6.33,42.62,Low
262,57,Male,4.05,4.15,7,3.4,0.0,8.25,74.78,High
263,37,Male,10.55,11.05,21,0.38,2.07,6.08,87.78,High
264,52,Female,9.16,13.56,23,2.14,2.22,6.05,36.78,Low
265,42,Male,7.16,11.01,14,3.54,3.37,7.05,31.93,Low
266,52,Female,7.58,11.14,20,3.28,4.05,6.23,33.55,Low
267,42,Male,9.01,12.1,6,0.28,2.21,8.39,41.05,Low
268,46,Female,3.01,10.07,24,0.1,2.24,6.25,58.58,Medium
269,35,Male,11.27,12.17,19,3.51,0.17,8.21,76.84,High
270,35,Male,5.53,6.5,12,1.31,0.16,8.03,66.84,Medium
271,19,Male,1.22,10.44,22,1.01,0.11,8.09,59.05,Medium
272,52,Female,9.36,10.26,8,0.46,0.05,7.09,76.24,High
273,33,Female,6.03,9.04,27,2.13,3.25,8.07,52.25,Medium
274,58,Male,8.1,8.2,16,4.19,3.26,8.35,67.11,Medium
275,53,Male,4.53,5.03,13,4.21,0.07,7.08,63.75,Medium
276,50,Female,6.53,8.53,13,2.1,4.18,7.59,43.99,Low
277,21,Female,8.01,9.03,20,2.26,0.59,7.3,56.43,Medium
278,50,Female,6.52,8.18,29,0.02,1.41,7.19,71.06,High
279,31,Male,7.43,10.19,25,2.16,1.0,7.03,53.93,Medium
280,38,Female,9.25,10.15,24,1.43,1.56,8.39,87.21,High
281,37,Male,8.31,9.21,20,3.55,1.28,8.26,73.93,High
282,25,Female,4.36,12.48,26,1.27,2.44,7.16,45.26,Medium
283,24,Male,4.31,9.11,25,1.28,2.48,8.4,56.92,Medium
284,20,Female,10.54,11.04,13,0.2,4.34,7.14,73.69,High
285,34,Female,9.03,11.0,23,1.46,0.39,8.56,54.76,Medium
286,50,Female,7.54,8.04,14,0.15,0.13,6.3,81.09,High
287,29,Female,3.1,7.13,7,0.36,0.34,7.31,65.33,Medium
288,39,Female,8.3,9.2,25,4.58,3.47,9.02,64.69,Medium
289,39,Male,9.58,10.36,11,2.19,0.44,7.17,47.61,Medium
290,47,Female,10.16,11.06,29,2.05,4.19,7.04,50.46,Medium
291,55,Female,8.37,9.27,27,4.18,2.55,8.23,66.71,Medium
292,55,Female,9.23,12.12,11,4.56,2.48,6.29,24.82,Low
293,25,Male,9.04,9.54,24,2.04,2.12,7.07,64.21,Medium
294,44,Female,5.04,5.14,12,4.02,0.37,8.58,63.92,Medium
295,44,Male,5.33,6.23,24,1.58,0.48,8.44,86.31,High
296,51,Female,3.1,4.05,21,1.0,1.45,7.34,77.78,High
297,38,Female,5.3,6.2,3,2.57,2.48,9.0,67.93,Medium
298,47,Male,10.1,11.0,9,3.59,1.07,7.46,45.35,Medium
299,50,Female,6.47,11.09,6,3.37,0.42,7.49,37.43,Low
300,45,Male,6.15,8.04,3,1.14,4.19,8.2,44.54,Low
301,50,Male,2.32,3.22,17,0.33,0.59,7.35,84.24,High
302,22,Female,8.31,8.41,10,3.34,4.32,8.29,64.05,Medium
303,36,Male,4.38,4.48,14,0.48,3.25,8.58,72.91,High
304,21,Female,4.27,6.01,24,2.24,1.38,8.09,67.19,Medium
305,52,Female,8.05,10.12,24,3.23,0.2,7.37,51.69,Medium
306,34,Male,4.28,4.38,20,3.11,0.52,8.09,73.76,High
307,45,Male,7.28,10.01,17,3.17,3.48,8.02,38.38,Low
308,47,Male,8.2,12.19,19,4.14,3.41,6.2,27.59,Low
309,46,Male,6.1,7.0,16,2.43,3.42,8.04,55.84,Medium
310,23,Female,8.33,11.36,16,3.15,4.53,7.03,29.69,Low
311,52,Female,7.58,8.08,20,3.26,3.4,7.11,46.89,Medium
312,58,Male,8.35,9.16,22,0.07,0.08,8.01,67.78,Medium
313,54,Female,5.18,7.08,20,0.59,1.23,8.1,68.56,Medium
314,41,Female,6.06,7.1,18,1.45,4.36,8.09,54.01,Medium
315,46,Female,8.02,8.52,3,2.24,1.48,9.32,62.74,Medium
316,48,Female,4.21,4.23,25,3.16,0.4,8.28,73.47,High
317,52,Male,8.09,8.19,29,4.28,3.16,8.39,61.69,Medium
318,50,Male,10.31,11.21,13,0.52,2.23,7.37,56.7,Medium
319,38,Female,7.06,7.56,17,0.07,4.2,8.41,77.21,High
320,49,Male,8.29,12.29,14,4.14,3.5,6.55,24.32,Low
321,40,Male,10.4,11.3,10,0.26,0.58,7.03,54.95,Medium
322,50,Male,9.32,10.22,24,2.45,4.38,8.0,55.17,Medium
323,20,Female,4.28,5.18,22,2.49,1.54,7.39,75.48,High
324,35,Female,8.38,12.59,8,2.51,1.4,8.29,33.51,Low
325,42,Female,7.17,11.43,5,0.06,2.38,6.38,43.37,Low
326,59,Male,5.39,10.49,26,0.02,0.12,6.36,65.08,Medium
327,48,Female,5.0,5.5,28,0.28,2.1,9.21,82.13,High
328,20,Female,4.1,6.52,15,2.43,0.45,8.16,62.74,Medium
329,57,Male,7.27,8.17,15,2.52,2.18,9.02,71.48,High
330,41,Female,5.56,6.06,4,1.23,1.1,8.54,72.5,High
331,49,Female,10.24,11.08,7,3.59,3.12,7.23,28.59,Low
332,39,Male,9.27,10.33,19,4.57,4.45,6.23,29.34,Low
333,40,Male,1.22,8.11,8,0.02,0.44,7.34,63.37,Medium
334,19,Male,8.3,12.34,4,2.19,1.0,6.11,34.92,Low
335,44,Female,5.09,8.34,6,3.45,1.39,8.03,44.13,Low
336,59,Female,7.41,8.31,24,1.14,0.43,7.33,71.16,High
337,19,Female,8.34,9.24,28,1.24,3.18,7.03,70.1,High
338,43,Male,7.05,13.21,13,3.29,3.11,6.26,25.21,Low
339,34,Male,6.59,7.09,10,4.13,0.07,8.44,68.6,Medium
340,57,Female,5.38,13.28,14,4.06,1.07,6.06,28.66,Low
341,50,Female,3.33,11.07,10,2.16,0.52,6.18,44.35,Low
342,26,Male,7.12,8.02,13,3.43,3.44,8.38,64.31,Medium
343,56,Male,4.56,8.4,24,1.19,0.11,7.44,66.82,Medium
344,46,Male,11.51,12.36,22,3.35,4.47,6.24,28.52,Low
345,59,Male,5.59,8.13,10,2.08,3.32,7.3,46.67,Medium
346,43,Female,4.48,12.59,10,0.37,1.44,7.2,43.39,Low
347,52,Male,7.01,13.29,28,3.47,2.25,5.35,34.72,Low
348,42,Female,7.19,8.09,19,2.56,4.38,6.42,52.6,Medium
349,41,Female,11.47,12.37,22,1.59,2.27,7.15,69.04,Medium
350,30,Female,7.11,13.36,22,4.21,0.57,6.33,33.5,Low
351,24,Male,9.04,9.04,25,0.53,1.04,7.39,64.84,Medium
352,53,Male,6.24,6.34,18,1.52,4.07,9.35,72.66,High
353,37,Male,5.31,6.21,16,0.52,3.24,9.35,80.6,High
354,18,Male,6.52,8.13,13,3.01,3.26,7.15,44.53,Low
355,25,Female,10.54,13.25,9,3.23,4.45,6.5,19.01,Low
356,33,Male,5.54,11.03,18,1.07,4.22,6.04,41.63,Low
357,31,Male,8.04,9.24,15,3.1,4.29,7.1,37.9,Low
358,29,Female,11.34,12.24,29,1.12,0.44,8.3,90.54,High
359,40,Male,6.18,7.08,17,3.16,2.46,8.1,62.15,Medium
360,32,Female,5.47,12.24,26,2.07,3.22,6.0,40.34,Low
361,45,Female,6.33,6.43,18,2.2,3.48,8.44,68.03,Medium
362,51,Female,11.02,11.52,29,4.17,3.46,9.07,61.13,Medium
363,19,Female,2.13,2.07,23,1.29,0.19,8.1,88.83,High
364,49,Female,9.23,9.38,25,0.17,3.17,7.41,58.41,Medium
365,40,Female,9.53,13.39,26,2.45,3.17,7.04,34.69,Low
366,39,Female,5.12,5.22,11,4.46,0.01,7.56,62.28,Medium
367,42,Female,8.32,9.22,5,1.3,2.03,7.58,54.38,Medium
368,39,Male,2.23,9.5,21,0.37,0.29,7.09,64.09,Medium
369,39,Male,3.51,13.37,22,1.31,1.32,6.57,43.25,Low
370,59,Male,9.1,10.0,7,2.1,0.35,7.53,75.64,High
371,23,Male,10.48,11.38,12,0.44,2.17,7.44,61.54,Medium
372,32,Female,7.07,7.57,19,3.24,2.36,8.38,56.83,Medium
373,54,Male,8.15,12.32,17,4.32,3.18,8.21,26.03,Low
374,50,Female,6.3,7.24,25,2.59,3.46,8.18,55.21,Medium
375,25,Male,6.29,6.39,27,1.37,4.27,9.5,77.44,High
376,22,Male,4.04,9.32,10,2.4,1.39,6.49,47.03,Medium
377,56,Male,3.34,11.46,17,0.07,0.19,7.48,56.38,Medium
378,21,Female,9.23,9.33,23,4.1,4.48,8.42,65.52,Medium
379,23,Male,5.24,12.01,16,2.21,0.32,8.45,44.47,Low
380,49,Female,6.26,6.36,22,1.5,4.11,7.38,71.23,High
381,47,Female,8.05,8.52,9,3.23,4.57,6.55,35.97,Low
382,52,Male,6.28,6.39,23,2.4,2.5,7.06,61.09,Medium
383,57,Male,10.17,10.39,25,3.16,4.14,5.24,39.14,Low
384,33,Male,4.45,5.5,14,0.11,0.4,7.25,75.83,High
385,30,Female,11.17,12.38,19,4.56,1.38,6.04,31.51,Low
386,59,Male,10.01,10.5,19,4.45,3.01,7.05,33.74,Low
387,47,Female,5.24,9.05,12,3.31,1.28,7.42,45.6,Medium
388,36,Female,9.34,11.05,21,4.14,4.4,8.34,29.7,Low
389,34,Male,7.15,10.02,16,0.15,0.09,8.16,61.12,Medium
390,36,Male,7.4,8.3,13,2.53,2.01,8.28,76.38,High
391,45,Female,6.36,6.5,4,3.21,2.5,7.21,47.34,Medium
392,43,Female,6.32,13.07,20,2.27,3.1,7.33,33.69,Low
393,54,Female,5.03,5.53,9,2.19,1.12,7.08,73.56,High
394,43,Male,6.32,10.51,14,1.32,1.09,8.39,50.23,Medium
395,40,Female,7.13,13.14,28,0.09,4.13,7.47,43.52,Low
396,26,Male,8.2,9.1,4,1.39,0.17,8.31,80.76,High
397,29,Female,6.47,9.28,29,0.31,4.5,6.14,56.11,Medium
398,18,Female,8.19,9.09,22,3.49,2.53,8.49,52.5,Medium
399,18,Male,5.32,8.51,20,1.59,3.08,7.13,53.32,Medium
400,51,Female,4.13,5.03,8,0.32,3.56,9.15,73.65,High
401,49,Male,10.06,10.56,26,2.01,1.38,7.02,86.18,High
402,42,Male,5.24,9.26,12,2.32,2.27,7.03,45.87,Medium
403,57,Female,8.59,11.35,22,4.32,4.02,7.2,29.57,Low
404,18,Male,5.24,11.28,17,2.4,2.19,7.25,41.0,Low
405,33,Male,5.42,8.37,7,1.12,4.05,7.28,45.95,Medium
406,56,Female,11.11,12.01,22,4.29,2.26,9.01,67.44,Medium
407,22,Male,7.58,9.32,5,2.32,0.52,6.25,47.48,Medium
408,39,Male,11.5,12.0,7,0.12,1.01,8.13,74.38,High
409,46,Male,7.21,12.26,27,2.51,4.28,7.16,35.62,Low
410,20,Female,6.54,11.54,10,4.25,1.37,7.18,31.21,Low
411,29,Male,5.48,10.32,10,1.21,4.02,7.52,40.09,Low
412,43,Female,7.45,13.03,10,1.38,4.15,6.05,29.03,Low
413,33,Female,2.29,3.19,14,0.01,1.29,7.09,89.18,High
414,54,Male,10.37,11.27,26,0.37,0.39,8.02,64.52,Medium
415,39,Male,10.37,11.27,25,2.38,3.01,8.0,65.38,Medium
416,46,Male,4.44,12.04,10,2.25,1.16,6.1,38.41,Low
417,31,Female,11.5,12.0,13,0.45,3.4,9.05,67.83,Medium
418,45,Male,10.53,11.03,16,4.57,2.11,7.08,36.0,Low
419,22,Male,8.07,12.32,10,3.49,2.34,8.0,28.48,Low
420,47,Male,6.21,6.31,26,2.14,3.42,8.32,78.67,High
421,22,Male,6.26,6.37,12,4.33,1.0,9.19,52.03,Medium
422,29,Male,6.33,10.12,9,0.41,2.54,8.39,48.3,Medium
423,33,Female,4.23,6.3,19,2.54,1.44,7.36,62.07,Medium
424,43,Female,5.22,5.32,6,3.43,1.14,9.01,59.22,Medium
425,43,Male,9.32,10.22,15,4.48,2.25,8.51,60.12,Medium
426,38,Male,8.0,8.5,6,3.39,4.36,9.23,56.68,Medium
427,56,Male,7.46,12.23,7,1.1,1.2,6.29,40.84,Low
428,53,Male,11.32,12.22,28,4.02,2.48,8.17,49.22,Medium
429,50,Female,10.04,10.54,24,0.58,3.3,9.11,84.47,High
430,47,Male,5.54,6.04,6,4.05,1.24,6.32,53.82,Medium
431,54,Female,10.47,11.37,20,4.08,1.22,7.16,60.57,Medium
432,40,Female,4.53,5.03,8,0.05,4.23,6.41,69.81,Medium
433,27,Male,7.29,7.39,26,3.08,3.56,7.38,57.76,Medium
434,22,Female,7.34,8.24,26,0.38,2.37,8.28,75.6,High
435,53,Female,6.22,6.32,25,2.3,3.27,9.28,63.55,Medium
436,51,Female,5.16,10.03,24,2.31,0.2,7.05,55.87,Medium
437,48,Female,7.43,8.33,4,2.4,3.53,9.34,59.93,Medium
438,27,Male,7.16,9.44,25,4.49,2.42,6.38,42.45,Low
439,36,Male,5.53,8.01,13,3.11,2.17,6.34,47.98,Medium
440,49,Female,6.28,8.26,16,2.07,1.35,7.22,55.57,Medium
441,18,Male,9.45,10.35,7,4.07,0.34,7.41,41.84,Low
442,22,Male,7.52,8.5,8,4.49,0.44,7.2,43.22,Low
443,21,Male,5.06,12.5,12,0.27,4.54,5.37,35.45,Low
444,33,Male,6.52,9.35,10,4.19,2.08,7.03,37.25,Low
445,41,Male,3.23,8.35,16,0.46,2.52,6.2,58.3,Medium
446,33,Female,5.2,11.25,26,4.58,0.37,7.35,42.41,Low
447,19,Male,9.36,10.26,5,1.06,0.57,7.53,55.9,Medium
448,45,Male,4.04,4.26,14,0.1,3.29,7.11,71.34,High
449,49,Male,5.03,5.53,18,2.19,2.59,8.03,71.35,High
450,44,Male,8.48,9.38,25,3.15,2.43,7.32,74.61,High
451,37,Female,7.45,12.1,19,1.03,1.33,7.03,47.48,Medium
452,41,Female,7.52,10.09,3,0.05,3.31,8.15,44.35,Low
453,29,Female,4.24,13.39,25,3.57,0.02,6.1,39.37,Low
454,52,Female,4.48,8.37,12,4.21,0.02,8.05,48.28,Medium
455,50,Male,3.59,7.05,27,1.25,2.27,7.02,66.3,Medium
456,50,Female,3.1,3.2,25,1.02,1.43,8.11,90.78,High
457,54,Male,8.51,9.22,12,2.4,1.14,7.03,49.23,Medium
458,29,Male,10.2,11.1,23,0.59,3.4,6.4,58.26,Medium
459,20,Male,8.31,13.25,26,4.41,3.22,6.07,26.83,Low
460,18,Male,9.22,10.12,4,4.13,4.39,7.27,45.07,Medium
461,50,Male,5.32,7.42,11,2.1,2.1,9.36,53.54,Medium
462,57,Female,8.02,9.11,24,1.17,0.47,7.16,63.17,Medium
463,27,Female,6.09,9.25,15,4.53,1.31,6.55,41.23,Low
464,46,Female,7.33,8.12,27,2.11,4.57,7.45,51.55,Medium
465,30,Female,7.05,11.39,18,4.22,2.58,7.1,32.27,Low
466,29,Male,7.32,7.42,20,3.11,3.56,8.25,65.02,Medium
467,48,Female,5.53,10.24,21,3.12,0.53,7.46,49.1,Medium
468,19,Male,11.57,12.07,14,2.24,2.35,8.11,46.78,Medium
469,52,Female,3.28,12.46,10,2.44,0.59,6.21,37.87,Low
470,40,Male,7.07,12.39,19,4.5,2.32,6.18,28.77,Low
471,34,Male,7.05,7.55,17,2.57,4.23,7.44,54.73,Medium
472,43,Female,9.23,10.13,12,3.18,4.38,6.0,53.38,Medium
473,25,Male,7.49,13.11,17,1.54,2.33,5.32,37.45,Low
474,46,Male,8.31,9.21,17,3.45,2.55,8.48,49.58,Medium
475,43,Female,7.27,12.35,25,2.35,4.27,8.36,34.94,Low
476,27,Male,7.21,8.11,9,0.44,3.36,8.18,69.97,Medium
477,43,Female,4.22,9.03,15,0.07,0.06,8.01,64.65,Medium
478,51,Female,10.01,11.04,19,3.28,2.03,7.09,39.74,Low
479,58,Female,7.26,13.55,11,3.54,1.36,9.33,27.37,Low
480,24,Male,5.32,5.36,10,2.52,2.55,8.59,57.4,Medium
481,21,Male,4.19,10.07,22,1.54,2.0,7.29,52.25,Medium
482,28,Male,5.56,8.41,28,3.31,2.0,6.47,54.06,Medium
483,46,Female,5.16,6.06,29,0.5,1.46,7.39,93.45,High
484,53,Male,3.39,9.27,23,2.43,0.19,7.27,57.66,Medium
485,42,Female,8.32,9.3,20,0.17,2.18,6.5,59.2,Medium
486,38,Female,6.08,13.57,15,0.05,4.28,5.33,34.84,Low
487,53,Male,4.51,7.08,18,1.17,3.09,7.32,59.24,Medium
488,27,Female,3.02,3.53,11,1.18,1.59,7.11,73.26,High
489,54,Male,5.03,5.13,14,0.21,4.17,9.5,78.23,High
490,26,Male,10.38,11.28,14,1.36,4.27,8.26,55.58,Medium
491,41,Male,4.3,4.13,8,2.31,1.34,8.27,65.54,Medium
492,52,Male,8.41,10.39,21,2.55,0.42,8.13,51.29,Medium
493,52,Male,9.54,10.04,9,1.4,3.46,8.15,58.56,Medium
494,53,Female,9.13,13.21,27,4.58,4.3,6.23,23.4,Low
495,35,Female,10.34,13.1,5,0.02,4.26,8.15,31.51,Low
496,56,Female,7.02,9.22,18,2.27,4.1,7.55,43.62,Low
497,49,Male,11.24,13.0,20,0.09,3.48,6.12,41.89,Low
498,41,Male,3.23,10.45,18,0.5,2.48,7.18,51.61,Medium
499,40,Male,3.36,8.36,25,2.34,0.37,6.55,61.86,Medium
500,49,Female,8.59,9.09,9,2.28,1.04,7.31,70.54,High
501,54,Male,11.57,12.07,6,4.53,2.07,8.3,45.13,Medium
502,29,Female,9.06,9.56,29,2.14,3.33,9.16,55.16,Medium
503,30,Female,7.04,12.35,27,4.32,2.47,5.53,33.39,Low
504,40,Male,4.35,7.53,10,0.06,3.51,8.22,56.73,Medium
505,42,Male,11.44,12.22,15,0.11,1.55,6.15,48.11,Medium
506,52,Female,3.19,9.56,15,0.48,2.11,7.08,54.55,Medium
507,58,Male,9.0,9.5,19,0.29,0.37,8.13,90.62,High
508,47,Female,10.07,13.53,19,2.2,2.0,6.18,35.23,Low
509,34,Male,7.25,7.54,7,3.3,3.3,7.41,42.21,Low
510,37,Male,5.15,6.5,8,0.57,3.03,7.26,58.83,Medium
511,42,Female,9.36,9.39,21,4.23,4.48,7.31,35.16,Low
512,39,Male,6.28,6.38,15,4.19,1.44,8.14,68.31,Medium
513,30,Female,10.5,11.0,27,1.36,2.49,7.33,57.27,Medium
514,36,Male,5.22,7.46,28,0.03,1.04,7.05,74.3,High
515,53,Female,10.14,11.04,16,0.27,2.29,7.13,68.14,Medium
516,29,Female,5.23,13.52,24,0.43,4.55,7.08,37.29,Low
517,58,Male,11.33,12.23,6,0.19,3.23,8.24,56.62,Medium
518,36,Female,7.42,8.32,9,2.59,4.58,7.25,58.52,Medium
519,29,Male,2.5,6.51,10,1.23,1.02,8.0,63.39,Medium
520,26,Male,6.24,12.56,27,1.49,4.1,7.22,39.35,Low
521,24,Male,9.21,10.11,15,4.48,0.44,7.04,65.18,Medium
522,45,Female,8.5,9.0,29,3.5,4.03,8.45,66.33,Medium
523,31,Female,9.24,10.14,8,4.31,1.25,8.16,67.45,Medium
524,48,Male,2.57,3.07,8,0.4,1.26,9.16,84.02,High
525,36,Male,4.05,11.51,26,1.35,2.45,6.16,48.45,Medium
526,33,Female,7.35,10.24,23,2.57,4.53,5.52,39.89,Low
527,22,Male,5.57,6.07,5,0.52,0.42,6.41,70.25,High
528,52,Male,6.21,10.1,5,0.33,1.26,7.02,50.63,Medium
529,29,Female,11.48,12.38,15,3.35,4.41,8.15,46.99,Medium
530,42,Male,11.51,13.01,24,3.01,1.5,6.23,37.94,Low
531,38,Female,11.41,13.06,4,2.14,1.49,7.05,30.96,Low
532,53,Male,9.05,9.55,18,2.33,2.05,6.25,60.99,Medium
533,40,Female,4.14,12.26,24,2.35,1.58,7.01,43.2,Low
534,33,Male,5.53,11.33,8,0.05,4.14,6.23,39.82,Low
535,56,Male,7.42,8.32,10,1.38,3.52,7.19,59.49,Medium
536,59,Female,10.59,11.09,25,0.41,2.29,8.31,79.31,High
537,56,Male,5.16,6.42,10,0.5,4.41,7.25,56.13,Medium
538,31,Female,7.11,11.58,27,4.5,2.36,6.46,35.8,Low
539,48,Male,4.39,13.43,8,3.57,0.57,7.29,28.59,Low
540,22,Female,6.52,10.58,16,3.53,1.36,6.45,40.91,Low
541,52,Female,10.59,12.5,5,1.11,2.41,7.29,34.96,Low
542,40,Female,9.43,10.33,12,1.02,0.59,6.32,59.27,Medium
543,46,Female,6.05,11.23,5,1.44,4.36,7.24,32.1,Low
544,28,Male,11.04,11.24,29,0.17,3.34,8.37,53.16,Medium
545,35,Male,8.38,9.28,14,0.39,1.22,6.16,73.69,High
546,29,Female,5.5,8.51,19,3.2,2.05,6.59,49.29,Medium
547,26,Female,6.42,11.05,29,3.14,3.03,7.3,42.39,Low
548,27,Female,7.14,7.24,7,2.32,4.17,8.11,65.65,Medium
549,34,Male,7.18,11.23,22,2.34,4.59,7.11,36.51,Low
550,55,Male,11.51,12.01,27,4.25,2.08,7.52,68.01,Medium
551,24,Male,6.29,7.48,11,0.07,3.48,7.45,57.49,Medium
552,30,Male,10.46,11.28,23,1.35,2.28,7.08,48.26,Medium
553,57,Female,4.34,4.42,28,1.47,2.12,9.17,76.02,High
554,59,Female,4.12,4.21,22,3.29,0.58,8.07,70.86,High
555,26,Female,6.39,7.29,9,4.22,0.46,8.23,53.06,Medium
556,44,Male,4.17,12.27,24,1.41,2.51,6.33,44.18,Low
557,19,Male,6.15,7.05,6,4.43,1.16,8.29,65.85,Medium
558,22,Male,11.12,12.2,15,4.13,0.44,6.32,34.83,Low
559,46,Female,6.49,7.39,15,1.13,3.31,8.29,70.34,High
560,54,Female,7.59,13.06,12,2.01,0.47,6.2,38.89,Low
561,55,Male,5.0,13.16,20,2.54,2.21,7.16,35.03,Low
562,36,Female,7.04,7.19,19,4.36,2.03,9.08,49.33,Medium
563,25,Male,4.33,7.4,22,0.04,4.04,8.09,61.91,Medium
564,18,Male,7.16,7.48,22,4.37,2.36,7.12,48.76,Medium
565,39,Female,2.55,9.19,15,1.44,0.4,8.08,57.26,Medium
566,34,Male,6.13,7.03,19,3.4,2.48,8.19,69.02,Medium
567,24,Female,7.27,8.17,24,2.53,4.12,7.09,74.97,High
568,42,Male,7.17,8.07,6,2.59,4.33,7.5,64.41,Medium
569,21,Female,7.15,8.05,3,4.46,2.44,6.04,42.18,Low
570,53,Female,5.59,6.09,3,4.13,1.21,7.55,54.42,Medium
571,23,Female,11.36,12.26,17,4.55,4.52,7.16,32.81,Low
572,48,Male,8.25,13.0,15,0.38,0.58,8.29,47.17,Medium
573,36,Male,6.52,7.02,19,3.24,3.22,8.22,53.51,Medium
574,56,Female,3.34,8.12,26,0.19,2.5,7.11,65.58,Medium
575,44,Female,11.08,11.58,28,2.01,0.02,8.22,73.5,High
576,27,Male,8.11,12.22,10,2.38,1.41,5.3,36.42,Low
577,43,Male,4.52,12.5,20,2.05,1.33,7.21,42.26,Low
578,36,Male,10.0,12.58,29,2.16,3.31,7.23,40.0,Low
579,56,Female,9.27,13.55,15,4.58,4.44,5.28,15.43,Low
580,20,Male,6.57,7.07,25,0.24,1.5,9.24,93.42,High
581,30,Male,8.38,11.31,16,3.56,4.57,7.07,28.03,Low
582,45,Female,3.46,10.29,10,1.27,0.48,7.02,51.07,Medium
583,37,Male,11.33,12.23,10,0.01,2.2,8.51,76.64,High
584,45,Male,9.31,13.48,29,0.34,0.45,8.29,53.31,Medium
585,25,Male,9.04,9.54,28,4.36,4.43,8.28,63.91,Medium
586,58,Female,7.49,9.28,17,4.04,3.2,7.31,38.29,Low
587,56,Female,8.08,8.18,29,4.0,3.43,8.04,65.97,Medium
588,18,Female,9.14,9.24,15,4.39,4.1,7.3,44.42,Low
589,20,Female,9.44,10.39,9,1.11,3.38,8.01,41.74,Low
590,30,Female,6.23,8.18,7,1.55,4.03,6.59,44.9,Low
591,45,Female,7.1,8.0,19,3.35,3.5,8.03,52.68,Medium
592,42,Female,9.15,10.05,27,2.44,4.0,7.37,63.4,Medium
593,50,Male,5.14,11.13,18,2.22,2.27,7.21,42.57,Low
594,55,Male,8.04,8.54,25,1.46,0.23,8.39,87.46,High
595,23,Female,5.29,6.46,4,2.3,2.34,8.36,51.8,Medium
596,49,Male,11.28,12.49,24,2.1,0.12,6.22,47.99,Medium
597,38,Male,6.54,12.01,20,0.09,2.46,6.48,48.72,Medium
598,33,Female,5.0,6.53,19,2.02,2.33,7.14,60.61,Medium
599,38,Male,6.28,10.27,9,2.53,3.1,7.0,37.11,Low
600,28,Male,5.25,11.48,15,2.13,0.35,7.08,46.13,Medium
601,54,Male,9.15,12.49,20,1.15,0.5,7.23,48.68,Medium
602,53,Male,9.5,10.0,16,3.09,2.16,6.52,48.64,Medium
603,52,Male,7.36,8.26,20,0.28,4.34,9.09,73.69,High
604,36,Female,3.33,4.5,15,1.09,1.59,9.31,72.17,High
605,37,Female,5.53,6.03,13,3.11,2.17,8.23,62.57,Medium
606,35,Female,6.33,8.0,23,2.29,3.39,9.2,52.85,Medium
607,58,Male,7.13,8.03,23,1.4,3.21,8.12,82.55,High
608,31,Female,10.27,11.17,18,3.0,1.56,6.11,48.32,Medium
609,32,Male,5.04,5.54,25,2.04,2.23,6.25,67.61,Medium
610,48,Male,5.01,5.51,19,3.19,1.57,9.04,65.97,Medium
611,18,Male,7.48,12.02,10,3.07,4.18,7.22,25.56,Low
612,20,Male,9.29,10.19,21,3.42,0.36,7.51,62.79,Medium
613,33,Female,9.45,10.35,22,2.11,1.38,8.41,81.06,High
614,40,Female,10.51,11.09,17,0.0,0.2,6.34,58.0,Medium
615,28,Male,4.04,4.54,11,1.56,1.07,9.5,81.91,High
616,29,Female,6.05,10.45,22,2.53,3.27,7.04,42.72,Low
617,27,Male,10.15,11.33,12,3.19,1.04,7.29,38.5,Low
618,49,Female,8.25,9.15,14,2.27,0.16,8.24,67.21,Medium
619,33,Female,4.25,11.32,23,1.56,2.36,7.19,46.98,Medium
620,25,Male,9.47,10.37,25,0.42,0.35,8.0,74.14,High
621,55,Female,9.2,10.1,22,2.36,0.53,7.14,62.71,Medium
622,29,Male,7.38,8.28,3,1.46,4.18,9.09,68.04,Medium
623,41,Female,8.35,9.25,27,3.36,3.26,9.36,64.4,Medium
624,45,Male,5.32,13.49,22,0.11,4.52,7.55,37.79,Low
625,25,Male,7.34,7.44,11,2.36,4.33,9.27,50.43,Medium
626,45,Female,8.23,8.28,24,4.48,3.1,7.25,44.09,Low
627,53,Female,10.22,11.12,17,0.48,0.53,7.05,69.69,Medium
628,43,Male,10.57,11.07,3,2.55,3.44,7.2,41.14,Low
629,25,Female,10.09,10.59,14,0.43,4.46,8.31,76.18,High
630,45,Female,8.31,8.41,5,3.55,4.11,8.54,44.9,Low
631,45,Male,9.04,10.02,13,2.27,2.53,6.04,43.0,Low
632,54,Male,9.35,10.25,4,2.46,1.2,9.24,66.56,Medium
633,58,Female,8.33,9.23,18,2.14,4.53,8.29,64.8,Medium
634,53,Male,9.51,10.01,11,4.05,3.1,8.32,63.64,Medium
635,44,Male,10.3,11.2,17,0.43,4.38,7.18,61.47,Medium
636,34,Male,6.09,12.53,14,0.58,0.27,5.3,48.5,Medium
637,26,Female,6.57,7.07,3,4.19,1.04,9.32,65.41,Medium
638,50,Female,4.3,4.4,15,2.49,1.16,8.04,71.47,High
639,37,Male,8.33,8.43,16,4.13,3.55,7.06,50.65,Medium
640,30,Female,8.31,10.02,27,2.01,0.19,6.36,58.77,Medium
641,45,Male,9.0,9.5,27,4.08,0.4,7.21,51.35,Medium
642,46,Female,7.06,7.56,10,2.36,4.45,9.29,48.58,Medium
643,30,Male,4.01,10.27,10,3.19,0.57,7.15,42.81,Low
644,52,Male,8.44,8.46,29,4.25,4.11,6.03,43.84,Low
645,23,Female,3.58,12.07,14,2.28,1.05,6.49,40.61,Low
646,35,Male,4.41,11.33,3,0.0,4.16,6.58,37.35,Low
647,22,Female,4.29,4.34,13,1.54,2.5,6.09,66.97,Medium
648,42,Female,5.17,5.27,10,0.34,4.18,8.21,65.26,Medium
649,19,Male,5.55,6.05,12,1.05,4.25,8.38,70.73,High
650,27,Male,5.01,5.13,21,1.36,0.47,8.29,75.39,High
651,47,Female,5.48,13.31,13,2.52,0.43,8.38,36.49,Low
652,22,Male,10.27,11.17,9,2.58,1.43,8.42,55.78,Medium
653,50,Male,6.31,7.21,13,2.04,3.51,8.17,64.96,Medium
654,18,Male,8.26,10.42,19,3.32,4.31,6.05,34.68,Low
655,35,Male,3.18,8.15,3,0.48,2.05,9.34,53.62,Medium
656,49,Male,4.29,5.19,28,0.5,3.54,8.24,84.38,High
657,28,Female,8.11,9.01,23,0.13,0.57,8.08,79.89,High
658,38,Female,7.11,7.21,23,2.11,4.35,7.53,56.6,Medium
659,43,Male,6.34,10.53,10,1.41,4.37,7.08,37.38,Low
660,42,Male,7.59,8.09,25,1.19,1.1,8.2,90.63,High
661,39,Male,7.32,8.22,26,2.52,2.32,7.42,71.01,High
662,44,Female,5.37,7.3,8,4.49,0.23,7.37,48.28,Medium
663,30,Male,4.5,4.54,24,0.23,2.22,8.19,78.36,High
664,50,Female,8.42,9.47,20,3.58,2.14,7.04,44.42,Low
665,51,Female,4.33,7.17,8,3.42,0.26,7.25,53.14,Medium
666,58,Female,8.11,9.01,7,3.33,2.1,8.23,54.95,Medium
667,52,Male,9.02,13.09,15,4.24,1.56,6.33,27.59,Low
668,18,Female,11.0,11.5,21,0.49,2.5,8.34,58.26,Medium
669,38,Male,3.32,4.22,24,0.28,2.49,6.03,85.44,High
670,23,Female,10.39,11.29,10,4.56,0.16,8.14,45.88,Medium
671,45,Male,6.09,11.2,11,2.38,3.5,8.22,34.12,Low
672,34,Female,6.07,10.18,19,2.3,3.52,5.31,42.32,Low
673,22,Male,5.33,5.43,5,3.55,1.13,8.11,61.85,Medium
674,48,Female,9.28,13.18,21,3.46,0.26,6.23,37.75,Low
675,22,Male,8.24,8.34,13,4.42,3.17,6.42,45.43,Medium
676,55,Male,9.01,9.51,26,4.49,4.27,7.39,59.74,Medium
677,20,Male,5.37,5.47,19,3.22,1.5,7.07,68.96,Medium
678,40,Male,9.45,10.35,23,1.43,1.46,9.5,83.89,High
679,54,Female,9.01,11.01,21,4.37,0.46,8.0,41.27,Low
680,54,Female,9.5,10.0,4,0.19,2.03,9.22,77.97,High
681,27,Male,4.49,5.39,10,1.22,0.06,9.11,81.3,High
682,27,Female,6.13,12.04,21,4.44,1.44,6.19,34.12,Low
683,36,Male,8.22,9.12,9,1.51,3.34,7.3,59.25,Medium
684,34,Male,6.16,7.06,29,1.15,2.47,9.13,88.95,High
685,38,Female,2.25,3.15,19,0.49,1.08,7.31,89.71,High
686,31,Male,8.07,8.57,8,4.41,2.07,9.17,62.22,Medium
687,26,Male,11.28,12.18,21,2.59,2.51,8.25,71.57,High
688,18,Female,9.25,10.15,26,3.54,0.44,7.22,53.98,Medium
689,30,Male,9.09,9.59,8,1.07,0.16,8.54,76.6,High
690,21,Male,11.25,12.15,4,3.49,4.16,8.54,57.05,Medium
691,18,Male,4.33,10.19,8,3.2,0.48,7.08,42.3,Low
692,57,Male,7.5,9.04,25,1.0,3.32,8.07,55.71,Medium
693,49,Female,11.4,12.3,7,2.54,4.31,7.08,46.55,Medium
694,51,Female,2.39,8.37,21,1.07,1.07,8.14,62.85,Medium
695,45,Female,8.03,8.53,22,4.28,1.18,8.18,60.87,Medium
696,48,Male,7.57,8.07,6,3.31,2.37,7.19,46.26,Medium
697,25,Male,9.04,9.14,24,4.37,4.02,8.06,45.14,Medium
698,56,Female,8.49,9.39,28,1.04,4.58,6.52,62.39,Medium
699,43,Male,11.44,12.43,19,3.46,3.04,7.37,30.72,Low
700,51,Male,9.1,10.0,13,3.21,0.12,8.15,78.45,High
701,20,Male,7.17,11.51,6,3.46,3.46,6.36,25.96,Low
702,29,Male,10.55,11.05,28,4.33,2.45,9.35,69.78,Medium
703,18,Female,3.35,11.21,15,1.0,2.3,6.26,45.73,Medium
704,22,Female,5.24,9.43,22,0.54,0.54,6.36,63.37,Medium
705,47,Female,6.2,11.23,28,3.54,0.15,5.57,48.57,Medium
706,47,Male,7.39,7.49,19,3.25,3.49,9.06,67.83,Medium
707,34,Female,5.35,8.09,11,2.42,2.31,6.26,49.09,Medium
708,40,Female,11.09,11.59,6,1.09,1.21,9.21,58.43,Medium
709,32,Male,8.36,10.55,25,2.29,1.28,5.25,51.18,Medium
710,54,Male,7.08,7.58,16,1.49,4.21,9.12,51.5,Medium
711,38,Female,6.24,8.45,21,2.17,3.42,7.4,50.56,Medium
712,31,Female,10.34,11.24,28,3.16,1.02,7.49,65.8,Medium
713,19,Female,11.48,12.38,5,3.25,0.53,7.27,58.25,Medium
714,28,Female,9.34,10.24,16,1.07,1.09,8.15,64.6,Medium
715,56,Male,7.12,8.02,10,2.46,4.41,8.1,62.33,Medium
716,55,Female,4.24,13.5,26,1.39,2.2,7.36,41.77,Low
717,51,Female,3.17,10.16,29,0.48,2.15,7.07,59.55,Medium
718,55,Male,5.47,13.13,3,3.11,2.11,7.05,24.16,Low
719,51,Female,5.38,6.28,12,4.26,1.01,8.15,64.35,Medium
720,35,Male,11.31,12.39,20,1.07,4.4,7.0,37.13,Low
721,47,Male,6.23,11.01,18,3.24,2.23,7.09,38.87,Low
722,32,Male,5.04,9.44,10,4.45,0.34,6.12,41.3,Low
723,44,Female,5.23,9.24,3,4.03,0.55,6.04,39.47,Low
724,51,Female,3.26,5.38,14,0.32,2.29,8.29,69.45,Medium
725,55,Male,9.21,11.08,10,4.0,4.56,7.37,23.92,Low
726,50,Female,4.48,7.53,26,1.18,1.29,7.22,67.39,Medium
727,41,Female,6.01,6.51,18,1.3,4.46,8.33,75.91,High
728,32,Male,9.12,10.02,20,0.15,3.34,8.37,69.86,Medium
729,47,Male,11.22,13.45,6,2.13,1.18,6.05,31.59,Low
730,59,Female,5.24,12.03,8,0.52,0.49,6.07,46.75,Medium
731,34,Male,5.34,13.25,14,1.47,0.07,7.07,42.76,Low
732,22,Female,10.4,11.3,29,1.04,3.25,6.28,55.92,Medium
733,46,Female,6.13,7.03,11,4.4,1.48,8.18,57.37,Medium
734,21,Female,6.29,6.39,17,4.25,1.39,7.02,64.5,Medium
735,27,Female,10.48,11.38,18,1.27,2.06,9.22,75.8,High
736,34,Male,7.55,8.05,26,4.01,3.29,9.1,72.38,High
737,27,Male,7.47,8.37,14,4.49,0.06,8.15,55.4,Medium
738,34,Male,7.24,8.14,26,3.05,2.02,9.22,73.5,High
739,37,Male,4.21,6.05,25,0.08,2.0,9.32,74.67,High
740,41,Female,6.32,13.17,16,3.32,2.35,7.34,29.19,Low
741,22,Female,9.58,10.08,15,4.4,4.24,6.1,43.75,Low
742,51,Male,4.25,12.41,27,3.24,0.36,6.01,44.32,Low
743,23,Female,6.12,8.35,4,1.47,4.0,7.15,43.14,Low
744,19,Female,9.35,10.25,5,2.12,3.14,8.26,58.12,Medium
745,30,Female,7.11,8.01,28,3.08,2.36,8.11,65.04,Medium
746,28,Male,6.29,6.39,26,2.52,3.12,7.57,75.09,High
747,40,Male,10.18,11.08,24,0.12,2.39,8.28,76.02,High
748,33,Male,5.11,9.36,12,1.3,0.07,6.49,56.69,Medium
749,48,Female,10.08,10.58,11,4.4,3.04,8.22,63.61,Medium
750,28,Male,9.06,9.56,28,4.1,2.59,7.27,67.37,Medium
751,33,Male,7.27,8.17,22,0.03,3.08,7.33,71.68,High
752,25,Male,6.13,13.11,10,4.33,1.0,5.45,26.28,Low
753,21,Male,11.3,12.2,12,1.37,4.35,6.04,36.13,Low
754,57,Male,6.04,10.52,21,3.45,2.34,8.16,41.01,Low
755,21,Male,8.18,9.08,5,3.03,0.01,7.38,71.44,High
756,42,Female,7.01,11.21,26,4.37,2.39,9.32,37.09,Low
757,20,Female,8.05,11.2,7,4.18,3.22,7.21,25.36,Low
758,49,Male,4.15,8.26,5,1.05,3.08,7.41,48.64,Medium
759,20,Male,11.52,13.56,28,4.33,2.33,6.18,29.88,Low
760,44,Female,11.04,11.54,29,0.17,4.45,8.27,71.44,High
761,46,Female,4.5,13.05,18,3.12,1.13,6.08,35.35,Low
762,49,Male,6.08,12.26,19,3.4,2.03,7.16,34.77,Low
763,36,Male,8.24,9.14,17,3.22,4.29,9.5,67.22,Medium
764,38,Male,5.51,6.33,5,1.18,4.3,7.47,51.34,Medium
765,22,Male,8.06,13.11,14,4.44,3.37,7.45,20.47,Low
766,35,Female,8.2,9.1,11,0.1,4.1,7.57,73.89,High
767,45,Male,7.35,8.56,23,0.0,0.34,7.19,69.98,Medium
768,59,Male,11.52,13.52,14,3.23,4.07,8.29,21.83,Low
769,39,Male,4.2,8.06,28,2.53,1.02,7.19,61.69,Medium
770,38,Male,5.15,6.05,17,4.06,0.13,9.49,70.54,High
771,23,Female,6.56,8.44,4,1.24,1.59,8.2,51.34,Medium
772,18,Female,9.38,10.28,25,0.2,2.12,7.58,84.39,High
773,22,Female,7.44,8.34,20,4.14,1.44,8.32,52.41,Medium
774,58,Male,7.52,8.02,22,2.0,1.31,9.1,85.0,High
775,29,Male,3.41,8.27,14,0.11,0.33,8.16,65.9,Medium
776,43,Female,10.57,11.07,25,3.57,1.44,6.11,56.24,Medium
777,51,Male,5.38,10.45,6,2.06,2.18,6.35,39.74,Low
778,31,Male,6.37,9.01,25,3.14,2.58,7.35,49.18,Medium
779,43,Female,8.3,8.59,18,2.2,1.37,7.15,54.8,Medium
780,44,Female,7.58,9.53,25,4.18,3.15,7.57,41.13,Low
781,26,Female,9.25,9.35,18,4.59,4.01,8.28,59.1,Medium
782,43,Female,10.34,11.24,3,3.28,3.39,6.23,38.23,Low
783,39,Male,6.22,7.12,24,0.24,1.16,8.28,85.46,High
784,47,Male,9.28,13.52,27,4.32,3.54,7.36,25.74,Low
785,34,Female,4.42,5.32,4,3.48,0.33,9.15,71.91,High
786,43,Male,9.1,10.0,5,3.31,0.41,8.39,54.02,Medium
787,53,Female,3.32,10.25,28,1.48,1.59,8.03,56.27,Medium
788,18,Female,9.14,9.24,23,4.34,4.15,8.33,48.18,Medium
789,25,Male,11.11,12.01,27,3.43,1.37,8.11,77.78,High
790,52,Female,9.08,9.58,22,0.37,0.59,6.36,68.8,Medium
791,32,Male,6.09,9.39,19,2.25,0.01,7.44,56.45,Medium
792,39,Male,8.36,10.1,22,4.1,4.01,7.15,35.1,Low
793,31,Male,10.43,11.33,24,0.34,3.25,8.31,71.7,High
794,43,Male,6.16,8.48,23,4.07,1.12,6.21,50.77,Medium
795,45,Female,9.37,10.27,3,3.45,2.55,7.05,45.37,Medium
796,40,Male,9.06,9.38,22,3.13,2.46,8.34,46.67,Medium
797,31,Female,5.04,8.39,8,1.09,3.3,7.21,48.88,Medium
798,41,Female,3.25,7.34,17,1.01,1.59,8.34,63.15,Medium
799,19,Female,9.03,9.53,28,4.45,4.33,8.24,56.19,Medium
800,43,Female,3.11,3.21,28,1.08,1.38,8.32,91.3,High
801,31,Male,6.29,7.19,16,3.02,3.02,9.12,63.64,Medium
802,24,Male,11.49,12.39,22,1.2,0.07,8.12,87.63,High
803,20,Female,7.26,8.16,17,0.25,1.22,8.04,71.56,High
804,40,Female,9.57,10.07,16,0.07,1.13,7.25,63.64,Medium
805,35,Male,7.01,7.51,27,2.47,2.55,8.07,74.39,High
806,55,Female,7.04,13.04,23,4.01,0.54,6.3,36.13,Low
807,52,Male,4.56,5.06,26,1.05,3.26,8.45,83.67,High
808,32,Female,4.36,11.32,27,1.27,1.53,6.42,52.89,Medium
809,42,Male,5.05,9.57,28,1.52,3.28,8.07,53.29,Medium
810,54,Female,7.31,7.41,7,2.28,4.38,7.38,51.12,Medium
811,45,Female,9.07,9.57,8,2.25,2.52,8.13,71.87,High
812,27,Male,8.27,9.19,19,4.24,3.38,7.17,38.26,Low
813,56,Female,5.44,6.18,13,2.11,3.0,9.13,56.27,Medium
814,34,Female,5.0,13.34,18,2.04,1.16,7.06,38.71,Low
815,56,Male,5.38,8.51,14,0.33,4.4,8.05,51.31,Medium
816,39,Female,6.01,13.42,17,4.47,1.29,5.3,27.31,Low
817,43,Male,4.13,5.03,25,1.36,2.52,8.24,78.27,High
818,42,Male,3.51,10.58,6,0.14,3.12,8.02,44.35,Low
819,34,Female,5.28,9.44,29,3.43,1.2,7.15,52.82,Medium
820,30,Female,4.44,10.42,20,2.35,1.18,8.19,49.1,Medium
821,37,Female,9.03,9.53,23,2.14,2.52,7.59,73.33,High
822,42,Female,7.25,9.08,5,2.42,4.18,8.27,36.44,Low
823,21,Female,8.28,9.18,24,3.47,4.56,9.25,47.51,Medium
824,27,Female,8.59,10.01,10,0.22,2.24,7.11,50.96,Medium
825,20,Female,7.51,8.01,25,4.05,3.21,7.32,56.18,Medium
826,58,Male,10.18,12.08,5,3.45,4.3,8.25,20.76,Low
827,35,Female,6.43,7.33,10,2.49,0.16,9.45,77.05,High
828,53,Male,5.53,11.39,20,2.43,1.54,6.37,44.08,Low
829,39,Female,7.38,12.16,12,1.58,3.22,6.34,35.35,Low
830,51,Female,8.38,11.0,27,3.42,4.31,7.02,36.33,Low
831,25,Male,7.09,7.24,22,2.44,4.09,6.34,52.29,Medium
832,57,Female,4.25,6.42,19,1.2,2.09,7.2,65.2,Medium
833,36,Female,10.18,13.39,10,2.22,0.35,6.09,36.13,Low
834,59,Male,7.14,7.24,25,4.42,2.07,7.37,65.95,Medium
835,58,Female,6.02,8.24,13,2.54,1.53,7.24,51.53,Medium
836,54,Female,7.44,9.38,7,4.15,1.51,7.28,37.53,Low
837,23,Female,5.3,10.34,28,1.46,3.19,8.19,51.0,Medium
838,43,Male,5.49,6.39,15,0.52,0.31,7.25,84.01,High
839,51,Female,9.27,9.49,23,1.59,4.49,8.26,46.87,Medium
840,23,Female,10.57,11.36,25,2.14,2.13,7.02,46.17,Medium
841,54,Female,4.19,5.09,7,1.24,2.49,8.25,75.78,High
842,50,Female,9.27,12.43,26,0.35,0.27,7.18,56.12,Medium
843,39,Male,11.07,11.57,29,4.1,1.45,7.38,78.33,High
844,38,Male,10.4,11.3,15,4.5,0.51,8.01,58.39,Medium
845,23,Female,8.31,8.41,8,3.14,4.52,8.43,62.19,Medium
846,23,Female,9.0,9.5,7,0.03,4.23,8.54,72.09,High
847,21,Male,4.02,12.11,11,0.2,2.14,7.31,44.19,Low
848,47,Male,11.12,12.02,29,0.12,1.21,9.5,82.27,High
849,28,Female,8.15,8.25,18,3.21,4.29,7.04,49.57,Medium
850,47,Male,5.46,6.36,4,4.18,1.03,7.56,59.15,Medium
851,48,Female,8.59,9.09,3,2.33,0.12,7.11,50.36,Medium
852,41,Male,4.48,8.58,10,0.13,2.58,7.17,55.51,Medium
853,26,Male,11.24,12.14,21,2.03,4.22,7.17,59.53,Medium
854,20,Male,11.55,12.05,13,1.47,0.07,9.08,71.89,High
855,48,Male,8.32,12.09,14,1.52,1.17,8.22,43.35,Low
856,57,Female,8.27,8.37,14,3.51,4.11,7.21,49.71,Medium
857,54,Male,8.52,9.02,9,3.45,0.54,7.1,51.3,Medium
858,53,Male,2.05,4.48,28,0.26,0.3,8.21,86.58,High
859,41,Female,3.06,11.46,15,0.28,2.13,6.34,48.36,Medium
860,48,Male,10.43,11.33,29,4.46,4.33,8.09,50.88,Medium
861,23,Male,3.44,7.15,10,1.27,2.17,7.59,57.27,Medium
862,19,Female,5.31,6.21,24,0.34,4.55,7.05,71.72,High
863,37,Male,11.44,13.18,28,0.07,3.33,8.16,45.97,Medium
864,45,Female,4.46,5.36,11,0.15,0.1,9.33,80.27,High
865,28,Female,6.06,11.3,9,1.41,4.4,6.31,33.94,Low
866,21,Female,11.15,12.05,28,4.35,2.11,7.26,57.46,Medium
867,32,Female,3.02,3.16,23,1.29,1.48,8.25,80.78,High
868,23,Male,9.2,11.22,26,2.17,2.14,7.08,47.05,Medium
869,47,Female,11.1,12.0,17,3.01,1.56,8.22,62.12,Medium
870,55,Male,10.59,12.53,4,2.48,0.3,8.23,35.21,Low
871,19,Male,8.36,12.15,25,4.12,0.48,6.54,40.17,Low
872,32,Male,7.25,12.05,22,4.03,2.57,6.05,32.77,Low
873,28,Male,5.18,5.28,27,0.25,4.28,7.24,86.1,High
874,25,Male,10.18,11.24,14,3.24,2.25,6.23,35.87,Low
875,43,Male,10.19,11.09,3,2.29,5.17,7.55,43.5,Low
876,22,Male,6.56,12.24,25,4.1,1.31,8.1,37.31,Low
877,23,Male,3.52,9.11,24,2.06,1.21,7.12,57.12,Medium
878,43,Male,5.32,11.14,10,4.3,0.37,7.01,35.6,Low
879,21,Male,4.24,7.58,7,3.43,0.16,7.35,51.39,Medium
880,36,Female,8.48,9.38,17,1.09,1.22,8.36,64.3,Medium
881,37,Female,6.26,6.36,3,2.38,3.23,9.5,63.03,Medium
882,50,Female,10.14,11.44,3,4.12,4.49,6.36,18.65,Low
883,37,Male,9.3,10.2,27,4.3,4.07,7.17,50.81,Medium
884,29,Female,3.0,7.46,12,0.06,1.4,8.22,64.66,Medium
885,18,Female,8.25,11.31,24,3.55,4.05,7.35,33.89,Low
886,43,Female,5.53,8.09,12,1.48,1.04,9.16,57.54,Medium
887,31,Male,7.53,8.03,23,0.41,0.43,8.49,87.8,High
888,55,Male,9.02,9.52,17,2.41,4.56,7.0,45.31,Medium
889,54,Male,9.15,10.05,19,1.55,3.28,8.05,60.95,Medium
890,28,Male,10.22,11.12,24,4.35,0.27,8.3,57.41,Medium
891,53,Female,3.56,4.06,8,1.19,2.1,9.37,78.4,High
892,30,Female,6.24,6.34,5,4.03,1.56,8.43,59.48,Medium
893,20,Female,9.11,10.01,15,0.53,3.0,9.12,71.15,High
894,50,Female,4.13,10.57,18,1.06,2.42,8.25,49.01,Medium
895,23,Male,6.36,6.46,10,1.53,4.18,9.45,72.19,High
896,27,Male,1.15,6.13,17,1.0,0.08,8.1,72.37,High
897,22,Male,8.07,13.14,19,0.43,1.26,6.4,46.4,Medium
898,40,Female,3.13,4.03,19,0.55,2.33,8.24,81.46,High
899,27,Male,8.11,9.01,24,2.44,2.43,8.41,59.21,Medium
900,19,Male,11.23,12.13,28,1.41,1.03,6.18,55.28,Medium
901,30,Female,6.06,13.5,15,2.46,3.35,7.17,27.92,Low
902,57,Female,6.0,10.47,19,1.58,4.17,7.01,42.23,Low
903,19,Male,8.51,10.07,8,4.12,4.14,7.01,27.39,Low
904,37,Male,10.57,11.49,19,4.54,4.5,8.2,25.06,Low
905,18,Male,6.58,6.58,18,2.21,4.12,8.07,53.48,Medium
906,54,Male,4.35,11.22,16,1.53,2.18,7.25,44.37,Low
907,26,Male,5.33,5.43,15,0.2,4.48,7.22,78.63,High
908,34,Male,9.07,13.17,8,4.21,1.05,7.12,25.36,Low
909,26,Female,5.57,6.3,5,0.27,1.47,8.07,64.15,Medium
910,28,Female,9.59,10.09,16,1.08,1.55,9.39,58.97,Medium
911,32,Female,10.49,11.39,16,1.25,2.11,7.58,70.36,High
912,41,Male,3.27,10.38,17,1.08,1.5,7.12,51.99,Medium
913,55,Female,9.27,10.17,10,0.14,4.36,8.35,72.75,High
914,52,Male,4.5,12.17,17,3.09,1.16,8.34,38.08,Low
915,47,Male,10.4,11.58,24,0.23,0.57,7.09,57.74,Medium
916,48,Female,8.35,9.25,29,3.57,2.22,8.21,71.13,High
917,22,Male,10.26,11.38,15,0.56,0.25,7.28,53.39,Medium
918,31,Male,1.53,11.16,19,0.41,0.28,7.38,56.82,Medium
919,28,Female,6.04,9.13,23,4.07,1.32,7.17,47.76,Medium
920,26,Female,5.08,5.3,26,0.23,2.59,8.26,75.46,High
921,51,Female,7.06,7.16,5,4.15,2.26,9.12,53.0,Medium
922,29,Male,7.37,7.47,8,2.48,4.24,7.03,54.95,Medium
923,52,Female,5.19,5.43,7,0.25,3.55,8.19,61.94,Medium
924,52,Female,7.05,12.59,24,4.26,2.54,6.05,30.97,Low
925,18,Male,5.27,6.17,28,1.36,1.09,9.09,86.97,High
926,57,Female,9.47,11.33,19,4.03,1.46,5.58,37.33,Low
927,39,Female,6.28,7.18,25,0.49,3.22,7.3,72.9,High
928,46,Female,5.08,7.36,27,4.23,0.2,8.1,59.19,Medium
929,25,Male,5.45,11.42,4,0.18,0.2,8.04,49.23,Medium
930,28,Male,6.02,12.39,28,2.35,3.42,6.59,39.03,Low
931,58,Male,11.05,11.55,17,3.59,2.12,7.27,58.34,Medium
932,54,Male,5.39,7.54,7,4.38,0.36,9.27,46.92,Medium
933,31,Female,8.5,9.0,28,4.09,1.32,6.41,60.96,Medium
934,47,Male,11.04,11.54,22,4.24,4.23,6.53,65.6,Medium
935,52,Male,10.46,11.36,8,4.17,4.43,8.2,47.13,Medium
936,38,Female,8.24,9.14,8,1.18,3.1,7.18,57.38,Medium
937,54,Female,10.01,10.51,29,1.35,2.16,7.1,69.11,Medium
938,22,Female,11.09,11.59,20,1.09,2.03,7.49,51.49,Medium
939,36,Male,7.55,8.05,20,1.32,4.46,8.19,59.21,Medium
940,31,Male,7.29,8.19,6,1.54,4.24,7.36,47.06,Medium
941,43,Male,7.49,8.39,19,2.49,1.29,6.54,63.08,Medium
942,21,Female,6.58,10.24,27,0.04,4.08,8.06,53.99,Medium
943,42,Female,7.44,12.12,16,3.46,0.2,7.2,39.21,Low
944,59,Male,5.04,7.17,16,0.48,1.19,7.35,66.72,Medium
945,42,Female,5.17,11.32,15,1.34,3.18,8.28,41.13,Low
946,35,Female,5.26,5.36,9,2.43,2.18,7.02,62.85,Medium
947,57,Female,8.09,8.44,14,3.33,4.11,6.01,39.91,Low
948,25,Male,4.33,5.41,25,3.32,0.36,7.13,68.6,Medium
949,56,Female,6.2,6.43,17,3.54,2.41,7.5,53.31,Medium
950,57,Female,7.17,10.01,21,0.2,4.16,7.19,50.77,Medium
951,31,Male,7.17,12.54,13,2.16,4.36,6.43,28.47,Low
952,49,Male,10.46,11.36,17,0.21,0.53,8.43,88.16,High
953,55,Female,3.19,9.41,14,1.47,1.47,6.09,52.44,Medium
954,50,Female,6.39,8.33,5,2.36,3.38,8.41,41.96,Low
955,40,Male,9.2,10.1,19,0.14,0.27,8.09,90.5,High
956,32,Male,7.25,8.15,5,1.34,4.4,9.26,60.44,Medium
957,50,Female,9.26,9.36,21,4.27,4.34,8.34,49.54,Medium
958,42,Female,10.21,11.11,22,4.06,0.46,8.4,72.01,High
959,34,Female,10.58,11.08,6,1.31,0.47,8.34,71.45,High
960,50,Female,4.26,5.16,5,0.1,0.17,8.23,76.76,High
961,19,Male,4.48,5.31,28,0.09,4.13,8.22,72.22,High
962,31,Female,11.12,12.02,18,1.08,0.34,8.02,56.42,Medium
963,57,Female,7.32,8.34,14,4.13,2.43,7.41,42.2,Low
964,57,Male,6.33,13.58,10,0.12,2.4,7.03,37.79,Low
965,56,Female,10.4,11.3,26,3.56,3.59,7.47,54.41,Medium
966,23,Male,4.34,10.45,19,0.24,0.06,8.08,60.83,Medium
967,23,Female,6.06,12.51,9,4.01,1.4,6.08,28.04,Low
968,20,Female,6.11,9.28,13,1.34,4.12,8.55,44.61,Low
969,24,Male,9.47,10.37,20,3.06,4.17,7.5,51.18,Medium
970,25,Male,7.54,10.28,3,1.2,3.36,6.21,38.68,Low
971,59,Female,8.05,8.55,5,3.17,0.12,8.07,66.44,Medium
972,32,Female,3.27,5.43,6,0.02,1.35,7.14,69.29,Medium
973,46,Female,4.36,8.56,15,0.41,3.3,8.29,54.77,Medium
974,50,Male,6.04,8.15,8,4.53,1.01,7.16,42.54,Low
975,47,Female,9.3,10.2,28,4.38,4.15,8.31,67.97,Medium
976,56,Male,8.13,13.43,16,4.4,3.08,5.37,21.42,Low
977,44,Male,4.21,10.46,7,3.48,0.08,6.57,40.87,Low
978,53,Female,10.02,10.52,18,4.1,4.37,5.43,41.19,Low
979,46,Male,5.13,13.09,17,0.38,4.1,5.27,36.82,Low
980,55,Female,11.22,12.12,17,1.23,0.53,8.16,69.41,Medium
981,50,Female,4.39,13.24,6,1.59,2.55,7.14,30.32,Low
982,54,Female,8.52,9.02,10,3.45,1.21,8.13,50.31,Medium
983,44,Female,3.15,3.25,29,1.18,1.32,7.4,88.44,High
984,50,Female,11.09,11.59,18,0.03,0.35,7.36,61.78,Medium
985,21,Male,6.09,9.0,18,2.25,2.44,7.15,49.72,Medium
986,39,Male,9.24,11.29,6,4.37,4.22,6.28,20.57,Low
987,19,Female,4.16,13.48,15,1.41,2.44,8.08,35.25,Low
988,27,Female,2.2,11.02,28,0.31,0.44,7.55,61.96,Medium
989,22,Male,4.36,8.44,15,0.38,3.33,7.06,55.24,Medium
990,27,Male,11.08,12.13,4,1.44,1.08,7.1,38.58,Low
991,50,Male,6.33,9.55,5,1.45,4.23,7.23,38.63,Low
992,55,Male,9.0,9.5,24,3.35,2.07,6.32,59.35,Medium
993,30,Female,8.5,12.49,10,3.39,0.06,6.43,35.44,Low
994,48,Female,8.44,9.34,26,3.36,0.35,7.5,77.71,High
995,53,Male,5.14,10.17,17,1.32,3.17,6.17,46.51,Medium
996,41,Female,6.02,12.36,13,4.35,1.02,6.42,30.45,Low
997,32,Male,9.0,10.24,11,1.02,3.27,8.4,44.06,Low
998,46,Female,11.48,12.38,9,2.08,1.05,7.44,44.7,Low
999,25,Male,6.15,10.0,15,4.07,1.43,6.54,40.03,Low
1000,22,Female,3.31,7.52,4,0.32,2.43,8.23,55.93,Medium
